{
    "fullScreen": false,
    "keyBindings": {
        "bomb": 32,
        "move down": 325,
        "move left": 324,
        "move right": 326,
        "move up": 328
    },
    "musicVolume": 7.000003814697266,
    "soundVolume": 52.000003814697266,
    "windowHeight": 900,
    "windowWidth": 1600
}